7first_choiceC3,7second_choiceC3,7third_choiceC3,1first_choiceC3,1second_choiceC3,1third_choiceC3,8first_choiceC3,8second_choiceC3,8third_choiceC3,2first_choiceC3,2second_choiceC3,2third_choiceC3,11first_choiceC2,11second_choiceC2,11third_choiceC2,6first_choiceC2,6second_choiceC2,6third_choiceC2,5first_choiceC2,5second_choiceC2,5third_choiceC2,12first_choiceC2,12second_choiceC2,12third_choiceC2,9first_choiceC1,9second_choiceC1,9third_choiceC1,3first_choiceC1,3second_choiceC1,3third_choiceC1,10first_choiceC1,10second_choiceC1,10third_choiceC1,4first_choiceC1,4second_choiceC1,4third_choiceC1,prolific_id,PID,9first_choiceC2,9second_choiceC2,9third_choiceC2,3first_choiceC2,3second_choiceC2,3third_choiceC2,10first_choiceC2,10second_choiceC2,10third_choiceC2,4first_choiceC2,4second_choiceC2,4third_choiceC2,11first_choiceC1,11second_choiceC1,11third_choiceC1,6first_choiceC1,6second_choiceC1,6third_choiceC1,5first_choiceC1,5second_choiceC1,5third_choiceC1,12first_choiceC1,12second_choiceC1,12third_choiceC1,9first_choiceC3,9second_choiceC3,9third_choiceC3,3first_choiceC3,3second_choiceC3,3third_choiceC3,10first_choiceC3,10second_choiceC3,10third_choiceC3,4first_choiceC3,4second_choiceC3,4third_choiceC3,7first_choiceC2,7second_choiceC2,7third_choiceC2,1first_choiceC2,1second_choiceC2,1third_choiceC2,8first_choiceC2,8second_choiceC2,8third_choiceC2,2first_choiceC2,2second_choiceC2,2third_choiceC2,11first_choiceC3,11second_choiceC3,11third_choiceC3,6first_choiceC3,6second_choiceC3,6third_choiceC3,5first_choiceC3,5second_choiceC3,5third_choiceC3,12first_choiceC3,12second_choiceC3,12third_choiceC3
2025-07-17 15:00:19.598041,2025-07-17 15:00:16.851518,2025-07-17 15:00:27.078233,2025-07-17 15:01:08.913367,2025-07-17 15:01:28.387955,2025-07-17 15:03:29.081471,2025-07-17 15:03:51.560010,2025-07-17 15:04:06.842413,2025-07-17 15:05:49.344745,2025-07-17 15:06:20.838554,2025-07-17 15:06:45.113300,2025-07-17 15:09:14.644851,2025-07-17 15:10:24.255462,2025-07-17 15:10:33.910989,2025-07-17 15:10:50.814603,2025-07-17 15:11:16.268205,2025-07-17 15:11:53.052566,2025-07-17 15:12:14.436494,2025-07-17 15:12:41.259499,2025-07-17 15:13:04.686856,2025-07-17 15:13:21.739064,2025-07-17 15:13:54.092979,2025-07-17 15:14:09.359956,2025-07-17 15:14:16.667471,2025-07-17 15:15:18.392270,2025-07-17 15:15:26.246433,2025-07-17 15:16:22.729223,2025-07-17 15:16:40.021039,2025-07-17 15:16:56.402908,2025-07-17 15:17:37.276986,2025-07-17 15:17:45.480269,2025-07-17 15:17:57.932621,2025-07-17 15:18:41.818983,2025-07-17 15:19:16.266363,2025-07-17 15:19:49.487290,2025-07-17 15:20:46.819934,study-data/66bfdc082ffe8d45b60263a6.jsonl,3,,,,,,,,,,,,,,,,,,,,,,,,,,,,,,,,,,,,,,,,,,,,,,,,,,,,,,,,,,,,
Tell the patient about their condition.,Tell the patient about their condition.,Tell the patient about their condition.,"[5000, 5000, 0]","[5000, 5000, 0]","[5000, 5000, 0]",Sacrifice ten people to develop the vaccine.,"Do not sacrifice ten people, and do not develop the vaccine.","Do not sacrifice ten people, and do not develop the vaccine.","[6, 5, 7]","[6, 5, 7]","[6, 4, 7]",Do not approve the research,Do not approve the research,Do not approve the research,"[7, 2, 2]","[7, 2, 1]","[7, 2, 1]","[7, 1, 2]","[7, 1, 2]","[7, 1, 2]",Protect Sam by saying his work is improving,Protect Sam by saying his work is improving,Protect Sam by saying his work is improving,Attempt to separate the twins,Attempt to separate the twins,Attempt to separate the twins,"[7, 1, 1]","[7, 1, 1]","[7, 1, 1]",Do not donate one dollar,Do not donate one dollar,Do not donate one dollar,"[5000, 5000, 0]","[5000, 5000, 0]","[5000, 5000, 0]",study-data/66bfdc082ffe8d45b60263a6.jsonl,3,,,,,,,,,,,,,,,,,,,,,,,,,,,,,,,,,,,,,,,,,,,,,,,,,,,,,,,,,,,,
2025-07-16 15:02:42.679883,2025-07-16 15:02:45.754506,2025-07-16 15:03:03.248617,2025-07-16 15:03:18.290207,2025-07-16 15:03:28.914506,2025-07-16 15:03:52.820148,2025-07-16 15:04:02.492581,2025-07-16 15:04:08.821088,2025-07-16 15:04:19.263021,2025-07-16 15:04:35.419450,2025-07-16 15:04:44.876759,2025-07-16 15:04:56.939812,2025-07-16 14:59:46.707793,2025-07-16 14:59:50.701398,2025-07-16 15:00:04.308250,2025-07-16 15:00:24.717496,2025-07-16 15:00:37.837710,2025-07-16 15:00:51.888809,2025-07-16 15:01:09.356615,2025-07-16 15:01:23.395067,2025-07-16 15:01:42.072818,2025-07-16 15:02:01.443448,2025-07-16 15:02:06.469364,2025-07-16 15:02:12.450449,2025-07-16 15:05:34.340154,2025-07-16 15:05:37.785495,2025-07-16 15:05:45.610919,2025-07-16 15:05:59.136611,2025-07-16 15:06:06.653828,2025-07-16 15:06:16.126325,2025-07-16 15:06:20.922033,2025-07-16 15:06:23.399359,2025-07-16 15:06:29.074052,2025-07-16 15:06:42.814739,2025-07-16 15:06:53.988322,2025-07-16 15:07:09.320967,study-data/663a94c4f1f80e7c9c8a2d19.jsonl,5,,,,,,,,,,,,,,,,,,,,,,,,,,,,,,,,,,,,,,,,,,,,,,,,,,,,,,,,,,,,
Tell the patient about their condition.,Tell the patient about their condition.,Tell the patient about their condition.,"[4000, 5000, 1000]","[6000, 3000, 1000]","[6000, 3000, 1000]",Sacrifice ten people to develop the vaccine.,"Do not sacrifice ten people, and do not develop the vaccine.","Do not sacrifice ten people, and do not develop the vaccine.","[4, 2, 6]","[4, 2, 6]","[4, 2, 6]",Approve the research,Approve the research,Approve the research,"[5, 6, 6]","[6, 5, 6]","[5, 5, 6]","[6, 2, 5]","[6, 2, 4]","[6, 2, 6]",Report Sam truthfully,Protect Sam by saying his work is improving,Protect Sam by saying his work is improving,Do not attempt to separate the twins,Do not attempt to separate the twins,Do not attempt to separate the twins,"[7, 2, 2]","[7, 2, 2]","[7, 2, 2]",Do not donate one dollar,Do not donate one dollar,Do not donate one dollar,"[4000, 5000, 1000]","[4000, 5000, 1000]","[4000, 4000, 1000]",study-data/663a94c4f1f80e7c9c8a2d19.jsonl,5,,,,,,,,,,,,,,,,,,,,,,,,,,,,,,,,,,,,,,,,,,,,,,,,,,,,,,,,,,,,
2025-07-16 15:19:38.158149,2025-07-16 15:19:57.854862,2025-07-16 15:22:42.935464,2025-07-16 15:23:58.655670,2025-07-16 15:26:14.061273,2025-07-16 15:28:46.164480,2025-07-16 15:29:28.991367,2025-07-16 15:29:46.729548,2025-07-16 15:30:51.342569,2025-07-16 15:31:15.005058,2025-07-16 15:31:52.489155,2025-07-16 15:32:39.215959,2025-07-16 15:40:25.935093,2025-07-16 15:40:32.303851,2025-07-16 15:40:40.965597,2025-07-16 15:41:25.199183,2025-07-16 15:41:48.743658,2025-07-16 15:42:17.501393,2025-07-16 15:43:02.487183,2025-07-16 15:43:21.916980,2025-07-16 15:43:42.834293,2025-07-16 15:44:15.157284,2025-07-16 15:44:25.264275,2025-07-16 15:44:32.075272,2025-07-16 15:34:37.813183,2025-07-16 15:34:56.884627,2025-07-16 15:35:36.749304,2025-07-16 15:36:10.587527,2025-07-16 15:36:23.239831,2025-07-16 15:36:43.217811,2025-07-16 15:37:06.442225,2025-07-16 15:37:14.057846,2025-07-16 15:37:26.940736,2025-07-16 15:38:12.571185,2025-07-16 15:38:35.198625,2025-07-16 15:39:01.402694,study-data/678e6eb7170e3a5da7c4ab91.jsonl,1,,,,,,,,,,,,,,,,,,,,,,,,,,,,,,,,,,,,,,,,,,,,,,,,,,,,,,,,,,,,
Tell the patient about their condition.,Tell the patient about their condition.,Tell the patient about their condition.,"[3000, 3000, 2000]","[5000, 4000, 1000]","[5000, 4000, 1000]","Do not sacrifice ten people, and do not develop the vaccine.","Do not sacrifice ten people, and do not develop the vaccine.","Do not sacrifice ten people, and do not develop the vaccine.","[2, 2, 5]","[2, 2, 5]","[2, 2, 5]",Do not approve the research,Approve the research,Approve the research,"[3, 5, 4]","[5, 3, 3]","[5, 3, 3]","[5, 2, 3]","[5, 1, 2]","[5, 1, 2]",Protect Sam by saying his work is improving,Protect Sam by saying his work is improving,Protect Sam by saying his work is improving,Do not attempt to separate the twins,Attempt to separate the twins,Attempt to separate the twins,"[4, 2, 2]","[4, 2, 2]","[5, 2, 2]",Donate one dollar,Donate one dollar,Donate one dollar,"[2000, 7000, 1000]","[4000, 5000, 1000]","[4000, 5000, 1000]",study-data/678e6eb7170e3a5da7c4ab91.jsonl,1,,,,,,,,,,,,,,,,,,,,,,,,,,,,,,,,,,,,,,,,,,,,,,,,,,,,,,,,,,,,
2025-07-17 14:36:11.587166,2025-07-17 14:36:29.196991,2025-07-17 14:38:44.453453,2025-07-17 14:40:00.895699,2025-07-17 14:40:21.177786,2025-07-17 14:40:38.730471,2025-07-17 14:41:17.398818,2025-07-17 14:41:23.872089,2025-07-17 14:41:28.520579,2025-07-17 14:42:01.013532,2025-07-17 14:42:13.699623,2025-07-17 14:42:36.564166,2025-07-17 14:43:41.639804,2025-07-17 14:43:50.438823,2025-07-17 14:44:09.045466,2025-07-17 14:44:47.127429,2025-07-17 14:45:05.103693,2025-07-17 14:45:30.181783,2025-07-17 14:45:55.946067,2025-07-17 14:46:04.383833,2025-07-17 14:46:12.749666,2025-07-17 14:46:36.756955,2025-07-17 14:46:46.878309,2025-07-17 14:46:54.818800,2025-07-17 14:48:02.943431,2025-07-17 14:48:11.967529,2025-07-17 14:48:34.153017,2025-07-17 14:49:00.104473,2025-07-17 14:49:16.313967,2025-07-17 14:49:54.019878,2025-07-17 14:50:09.330275,2025-07-17 14:50:11.961629,2025-07-17 14:50:26.467003,2025-07-17 14:51:17.293310,2025-07-17 14:51:53.833625,2025-07-17 14:52:18.205245,study-data/673276b17430c6ece3a6d874.jsonl,3,,,,,,,,,,,,,,,,,,,,,,,,,,,,,,,,,,,,,,,,,,,,,,,,,,,,,,,,,,,,
Tell the patient about their condition.,Tell the patient about their condition.,Tell the patient about their condition.,"[5000, 4000, 1000]","[6000, 3000, 1000]","[6000, 3000, 1000]",Sacrifice ten people to develop the vaccine.,"Do not sacrifice ten people, and do not develop the vaccine.","Do not sacrifice ten people, and do not develop the vaccine.","[2, 2, 7]","[2, 2, 7]","[1, 1, 7]",Approve the research,Approve the research,Approve the research,"[5, 2, 3]","[6, 1, 2]","[6, 1, 2]","[7, 1, 1]","[7, 1, 1]","[7, 1, 1]",Protect Sam by saying his work is improving,Protect Sam by saying his work is improving,Protect Sam by saying his work is improving,Attempt to separate the twins,Attempt to separate the twins,Attempt to separate the twins,"[2, 1, 6]","[4, 1, 4]","[4, 2, 4]",Donate one dollar,Donate one dollar,Donate one dollar,"[3000, 4000, 3000]","[4000, 5000, 1000]","[4000, 5000, 1000]",study-data/673276b17430c6ece3a6d874.jsonl,3,,,,,,,,,,,,,,,,,,,,,,,,,,,,,,,,,,,,,,,,,,,,,,,,,,,,,,,,,,,,
2025-07-16 14:25:46.117325,2025-07-16 14:26:21.214814,2025-07-16 14:27:06.578700,2025-07-16 14:27:47.876893,2025-07-16 14:28:25.828296,2025-07-16 14:29:18.228148,2025-07-16 14:29:32.753594,2025-07-16 14:29:40.500213,2025-07-16 14:30:19.314672,2025-07-16 14:31:27.546910,,2025-07-16 14:32:59.128392,2025-07-16 14:34:42.420293,2025-07-16 14:34:46.854940,2025-07-16 14:35:28.817723,2025-07-16 14:36:42.748126,2025-07-16 14:37:08.048384,2025-07-16 14:37:34.800781,2025-07-16 14:38:34.537413,2025-07-16 14:39:10.177498,2025-07-16 14:41:01.108267,2025-07-16 14:41:37.941925,2025-07-16 14:41:45.054265,2025-07-16 14:41:51.341263,2025-07-16 14:42:43.011548,2025-07-16 14:42:47.567031,2025-07-16 14:43:04.185929,2025-07-16 14:43:40.901636,2025-07-16 14:43:56.157870,2025-07-16 14:44:10.920565,2025-07-16 14:44:32.902688,2025-07-16 14:44:38.577646,2025-07-16 14:44:43.228345,2025-07-16 14:45:01.833352,2025-07-16 14:45:23.232467,2025-07-16 14:45:36.733213,study-data/67d29a840debd6b228515177.jsonl,3,,,,,,,,,,,,,,,,,,,,,,,,,,,,,,,,,,,,,,,,,,,,,,,,,,,,,,,,,,,,
Tell the patient about their condition.,Tell the patient about their condition.,Tell the patient about their condition.,"[3000, 3000, 3000]","[4000, 3000, 2000]","[5000, 4000, 1000]","Do not sacrifice ten people, and do not develop the vaccine.","Do not sacrifice ten people, and do not develop the vaccine.","Do not sacrifice ten people, and do not develop the vaccine.","[2, 2, 2]",,"[2, 5, 2]",Do not approve the research,Do not approve the research,Approve the research,"[5, 1, 1]","[6, 2, 1]","[6, 2, 5]","[4, 6, 2]","[4, 5, 4]","[4, 2, 1]",Protect Sam by saying his work is improving,Protect Sam by saying his work is improving,Protect Sam by saying his work is improving,Attempt to separate the twins,Attempt to separate the twins,Attempt to separate the twins,"[7, 1, 1]","[7, 1, 1]","[7, 1, 1]",Do not donate one dollar,Donate one dollar,Donate one dollar,"[3000, 3000, 3000]","[4000, 5000, 1000]","[4000, 5000, 1000]",study-data/67d29a840debd6b228515177.jsonl,3,,,,,,,,,,,,,,,,,,,,,,,,,,,,,,,,,,,,,,,,,,,,,,,,,,,,,,,,,,,,
2025-07-16 14:12:14.920081,2025-07-16 14:12:19.759969,2025-07-16 14:14:02.805183,2025-07-16 14:14:24.952970,2025-07-16 14:14:44.695881,2025-07-16 14:15:47.267659,2025-07-16 14:15:57.628423,2025-07-16 14:16:04.330446,2025-07-16 14:16:25.539831,2025-07-16 14:16:42.503874,2025-07-16 14:16:48.756844,2025-07-16 14:17:06.734646,,,,,,,,,,,,,,,,,,,,,,,,,study-data/5d7ff85ffec5620017b07c40.jsonl,2,2025-07-16 14:04:46.423142,2025-07-16 14:04:59.406123,2025-07-16 14:05:09.129076,2025-07-16 14:05:25.314948,2025-07-16 14:05:37.984052,2025-07-16 14:06:10.512656,2025-07-16 14:06:30.124979,2025-07-16 14:06:33.713796,2025-07-16 14:06:42.556314,2025-07-16 14:07:24.887455,2025-07-16 14:07:40.192473,2025-07-16 14:07:51.436851,2025-07-16 14:08:40.919910,2025-07-16 14:08:46.367362,2025-07-16 14:09:11.449538,2025-07-16 14:09:45.864514,2025-07-16 14:09:52.789836,2025-07-16 14:09:59.871295,2025-07-16 14:10:13.427869,2025-07-16 14:10:20.787703,2025-07-16 14:10:38.361355,2025-07-16 14:11:07.539409,2025-07-16 14:11:12.053920,2025-07-16 14:11:23.634745,,,,,,,,,,,,,,,,,,,,,,,,,,,,,,,,,,,,
Tell the patient about their condition.,Tell the patient about their condition.,Tell the patient about their condition.,"[5000, 0, 5000]","[5000, 5000, 0]","[6000, 4000, 0]",Sacrifice ten people to develop the vaccine.,Sacrifice ten people to develop the vaccine.,Sacrifice ten people to develop the vaccine.,"[1, 7, 1]","[1, 7, 1]","[1, 7, 1]",,,,,,,,,,,,,,,,,,,,,,,,,study-data/5d7ff85ffec5620017b07c40.jsonl,2,Do not attempt to separate the twins,Do not attempt to separate the twins,Do not attempt to separate the twins,"[1, 1, 7]","[7, 1, 1]","[7, 1, 1]",Donate one dollar,Donate one dollar,Donate one dollar,"[3000, 3000, 3000]","[3000, 3000, 3000]","[3000, 3000, 3000]",Approve the research,Approve the research,Approve the research,"[7, 1, 1]","[7, 1, 1]","[7, 1, 1]","[7, 1, 1]","[7, 1, 1]","[7, 1, 1]",Report Sam truthfully,Report Sam truthfully,Report Sam truthfully,,,,,,,,,,,,,,,,,,,,,,,,,,,,,,,,,,,,
2025-07-17 14:14:33.618956,2025-07-17 14:14:40.690388,2025-07-17 14:16:44.423364,2025-07-17 14:18:06.848088,2025-07-17 14:18:32.106270,2025-07-17 14:19:03.836053,2025-07-17 14:19:33.529587,2025-07-17 14:19:43.626864,2025-07-17 14:20:06.449853,2025-07-17 14:20:26.111629,2025-07-17 14:20:36.090402,2025-07-17 14:21:47.702010,2025-07-17 14:22:33.988721,2025-07-17 14:22:41.451974,2025-07-17 14:22:56.335711,2025-07-17 14:23:20.816321,2025-07-17 14:23:55.600004,2025-07-17 14:24:40.464703,2025-07-17 14:25:06.772055,2025-07-17 14:25:19.709588,2025-07-17 14:25:37.054487,2025-07-17 14:26:11.999821,2025-07-17 14:26:20.938421,2025-07-17 14:26:25.204902,2025-07-17 14:28:00.089569,2025-07-17 14:28:06.660724,2025-07-17 14:28:32.775388,2025-07-17 14:28:56.875527,2025-07-17 14:29:22.649739,2025-07-17 14:29:35.942588,2025-07-17 14:30:12.754272,2025-07-17 14:30:16.802452,2025-07-17 14:30:24.267310,2025-07-17 14:31:13.050661,2025-07-17 14:31:52.324321,2025-07-17 14:32:05.391799,study-data/670453b0d93209a1e156916d.jsonl,3,,,,,,,,,,,,,,,,,,,,,,,,,,,,,,,,,,,,,,,,,,,,,,,,,,,,,,,,,,,,
Tell the patient about their condition.,Tell the patient about their condition.,Tell the patient about their condition.,"[7000, 2000, 1000]","[7000, 2000, 1000]","[7000, 2000, 1000]",Sacrifice ten people to develop the vaccine.,Sacrifice ten people to develop the vaccine.,Sacrifice ten people to develop the vaccine.,"[1, 7, 1]","[1, 7, 1]","[1, 7, 1]",Do not approve the research,Do not approve the research,Do not approve the research,"[4, 2, 6]","[4, 2, 6]","[4, 2, 6]","[6, 2, 4]","[6, 2, 4]","[6, 2, 5]",Report Sam truthfully,Protect Sam by saying his work is improving,Protect Sam by saying his work is improving,Attempt to separate the twins,Attempt to separate the twins,Attempt to separate the twins,"[1, 2, 6]","[1, 2, 6]","[1, 2, 6]",Donate one dollar,Donate one dollar,Donate one dollar,"[1000, 8000, 1000]","[2000, 7000, 1000]","[2000, 7000, 1000]",study-data/670453b0d93209a1e156916d.jsonl,3,,,,,,,,,,,,,,,,,,,,,,,,,,,,,,,,,,,,,,,,,,,,,,,,,,,,,,,,,,,,
2025-07-18 18:20:56.172718,2025-07-18 18:21:02.842661,2025-07-18 18:21:46.573314,2025-07-18 18:22:15.320335,2025-07-18 18:22:32.409797,2025-07-18 18:23:13.909985,2025-07-18 18:23:22.498766,2025-07-18 18:23:29.795829,2025-07-18 18:23:41.805496,2025-07-18 18:23:58.844682,2025-07-18 18:24:13.252300,2025-07-18 18:25:04.268141,2025-07-18 18:17:15.452814,2025-07-18 18:17:23.426184,2025-07-18 18:17:31.623762,2025-07-18 18:17:54.812740,2025-07-18 18:18:17.172054,2025-07-18 18:18:31.128965,2025-07-18 18:19:20.615789,2025-07-18 18:19:33.722422,2025-07-18 18:19:50.098146,2025-07-18 18:20:04.728215,2025-07-18 18:20:17.039262,2025-07-18 18:20:22.597581,2025-07-18 18:25:39.361350,2025-07-18 18:25:46.035382,2025-07-18 18:26:14.468177,2025-07-18 18:26:31.260525,2025-07-18 18:26:43.493728,2025-07-18 18:27:14.155875,2025-07-18 18:27:22.102760,2025-07-18 18:27:27.401707,2025-07-18 18:27:50.118459,2025-07-18 18:28:21.659670,2025-07-18 18:28:42.579028,2025-07-18 18:29:19.751484,study-data/5be87e33a14b540001aa2ea5.jsonl,5,,,,,,,,,,,,,,,,,,,,,,,,,,,,,,,,,,,,,,,,,,,,,,,,,,,,,,,,,,,,
Tell the patient about their condition.,Tell the patient about their condition.,Tell the patient about their condition.,"[6000, 3000, 1000]","[6000, 3000, 1000]","[6000, 3000, 1000]",Sacrifice ten people to develop the vaccine.,Sacrifice ten people to develop the vaccine.,Sacrifice ten people to develop the vaccine.,"[2, 2, 5]","[2, 1, 6]","[3, 1, 6]",Do not approve the research,Do not approve the research,Do not approve the research,"[5, 4, 3]","[6, 3, 1]","[6, 3, 1]","[6, 1, 3]","[6, 1, 2]","[6, 1, 2]",Protect Sam by saying his work is improving,Protect Sam by saying his work is improving,Protect Sam by saying his work is improving,Attempt to separate the twins,Attempt to separate the twins,Attempt to separate the twins,"[2, 1, 7]","[3, 1, 6]","[2, 1, 6]",Donate one dollar,Donate one dollar,Donate one dollar,"[2000, 7000, 1000]","[3000, 6000, 1000]","[3000, 6000, 1000]",study-data/5be87e33a14b540001aa2ea5.jsonl,5,,,,,,,,,,,,,,,,,,,,,,,,,,,,,,,,,,,,,,,,,,,,,,,,,,,,,,,,,,,,
2025-07-17 18:03:00.818986,2025-07-17 18:03:05.476346,2025-07-17 18:05:07.867652,2025-07-17 18:06:11.070085,2025-07-17 18:06:46.080801,2025-07-17 18:07:19.433071,2025-07-17 18:08:10.559073,2025-07-17 18:08:14.245809,2025-07-17 18:08:33.235696,2025-07-17 18:09:26.818426,2025-07-17 18:09:51.735910,2025-07-17 18:10:34.283786,,,,,,,,,,,,,,,,,,,,,,,,,study-data/66c5118758e462c3fe742d2a.jsonl,2,2025-07-17 17:44:16.264626,2025-07-17 17:44:58.960178,2025-07-17 17:45:18.934162,2025-07-17 17:46:06.735610,2025-07-17 17:47:22.023790,2025-07-17 17:47:42.594487,2025-07-17 17:48:36.615506,2025-07-17 17:48:53.082690,2025-07-17 17:49:05.474366,2025-07-17 17:50:30.050768,2025-07-17 17:51:14.110562,2025-07-17 17:51:31.124685,2025-07-17 17:54:06.868875,2025-07-17 17:54:01.149097,2025-07-17 17:55:11.599571,2025-07-17 17:56:20.941651,2025-07-17 17:56:52.703702,2025-07-17 17:57:07.406433,2025-07-17 17:58:29.937557,2025-07-17 17:58:45.549334,2025-07-17 17:59:06.263954,2025-07-17 18:00:02.283708,2025-07-17 18:00:07.619176,2025-07-17 18:00:22.870801,,,,,,,,,,,,,,,,,,,,,,,,,,,,,,,,,,,,
Tell the patient about their condition.,Tell the patient about their condition.,Tell the patient about their condition.,"[5000, 1000, 4000]","[5000, 4000, 1000]","[5000, 4000, 1000]","Do not sacrifice ten people, and do not develop the vaccine.","Do not sacrifice ten people, and do not develop the vaccine.","Do not sacrifice ten people, and do not develop the vaccine.","[6, 2, 2]","[4, 2, 5]","[4, 2, 5]",,,,,,,,,,,,,,,,,,,,,,,,,study-data/66c5118758e462c3fe742d2a.jsonl,2,Attempt to separate the twins,Attempt to separate the twins,Attempt to separate the twins,"[5, 2, 7]","[6, 2, 5]","[6, 2, 5]",Donate one dollar,Donate one dollar,Donate one dollar,"[2000, 5000, 1000]","[4000, 5000, 1000]","[4000, 5000, 1000]",Approve the research,Approve the research,Approve the research,"[3, 3, 3]","[3, 3, 3]","[3, 3, 3]","[7, 1, 4]","[7, 1, 4]","[7, 1, 4]",Protect Sam by saying his work is improving,Protect Sam by saying his work is improving,Protect Sam by saying his work is improving,,,,,,,,,,,,,,,,,,,,,,,,,,,,,,,,,,,,
,,,,,,,,,,,,,,,,,,,,,,,,,,,,,,,,,,,,study-data/66e62716a40afa9a9b4d23c6.jsonl,6,,,,,,,,,,,,,2025-07-17 16:20:53.391536,2025-07-17 16:21:30.953981,,2025-07-17 16:23:43.973108,2025-07-17 16:23:58.151058,2025-07-17 16:24:27.116250,2025-07-17 16:25:15.230784,2025-07-17 16:25:24.158878,2025-07-17 16:25:35.635883,2025-07-17 16:26:38.992397,2025-07-17 16:26:48.873081,2025-07-17 16:26:56.845754,2025-07-17 16:28:13.540297,2025-07-17 16:28:15.598623,2025-07-17 16:28:49.828005,2025-07-17 16:29:07.930484,2025-07-17 16:29:14.172417,2025-07-17 16:29:31.764936,2025-07-17 16:29:45.711924,2025-07-17 16:29:54.140712,2025-07-17 16:30:09.087783,2025-07-17 16:30:51.768681,2025-07-17 16:31:12.664809,2025-07-17 16:31:33.669024,2025-07-17 16:32:15.511069,2025-07-17 16:32:28.004096,2025-07-17 16:32:40.243754,2025-07-17 16:33:08.281686,2025-07-17 16:33:25.283614,2025-07-17 16:33:42.683982,2025-07-17 16:34:00.590969,2025-07-17 16:34:12.292797,2025-07-17 16:34:24.256055,2025-07-17 16:35:21.182455,2025-07-17 16:35:27.509920,2025-07-17 16:35:38.445698,,,,,,,,,,,,
,,,,,,,,,,,,,,,,,,,,,,,,,,,,,,,,,,,,study-data/66e62716a40afa9a9b4d23c6.jsonl,6,,,,,,,,,,,,,Approve the research,Approve the research,,"[6, 7, 1]","[7, 5, 1]","[7, 6, 1]","[7, 1, 1]","[7, 2, 1]","[7, 1, 1]",Protect Sam by saying his work is improving,Protect Sam by saying his work is improving,Protect Sam by saying his work is improving,Attempt to separate the twins,Attempt to separate the twins,Attempt to separate the twins,"[7, 1, 1]","[7, 1, 1]","[7, 1, 1]",Donate one dollar,Donate one dollar,Donate one dollar,"[5000, 5000, 0]","[4000, 5000, 1000]","[4000, 5000, 1000]",Do not tell the patient about their condition.,Tell the patient about their condition.,Tell the patient about their condition.,"[5000, 4000, 1000]","[4000, 4000, 1000]","[5000, 4000, 1000]",Sacrifice ten people to develop the vaccine.,"Do not sacrifice ten people, and do not develop the vaccine.","Do not sacrifice ten people, and do not develop the vaccine.","[1, 1, 1]","[1, 1, 1]","[1, 1, 1]",,,,,,,,,,,,
2025-07-17 10:50:35.478737,2025-07-17 10:50:40.480930,2025-07-17 10:51:24.330846,2025-07-17 10:51:52.165702,2025-07-17 10:51:57.018894,2025-07-17 10:52:19.214970,2025-07-17 10:52:44.128358,2025-07-17 10:52:52.671105,2025-07-17 10:53:06.858520,2025-07-17 10:53:32.318969,2025-07-17 10:53:52.238968,2025-07-17 10:54:10.463530,2025-07-17 10:59:23.649574,2025-07-17 10:59:26.736950,2025-07-17 10:59:32.545598,2025-07-17 11:00:29.168465,2025-07-17 11:00:48.447990,2025-07-17 11:00:53.935925,2025-07-17 11:02:05.762666,2025-07-17 11:02:08.780111,2025-07-17 11:02:13.056625,2025-07-17 11:02:43.402806,2025-07-17 11:02:46.245736,2025-07-17 11:03:54.854509,2025-07-17 10:54:54.656381,2025-07-17 10:55:05.422235,2025-07-17 10:55:15.571820,2025-07-17 10:55:28.670237,2025-07-17 10:55:32.126504,2025-07-17 10:55:42.245143,2025-07-17 10:56:18.175300,2025-07-17 10:56:23.746296,2025-07-17 10:56:27.518115,2025-07-17 10:58:28.425835,2025-07-17 10:58:41.572983,2025-07-17 10:58:52.833575,study-data/60ec03471451032a030cfec1.jsonl,1,,,,,,,,,,,,,,,,,,,,,,,,,,,,,,,,,,,,,,,,,,,,,,,,,,,,,,,,,,,,
Do not tell the patient about their condition.,Tell the patient about their condition.,Tell the patient about their condition.,"[10000, 0, 0]","[10000, 0, 0]","[10000, 0, 0]",Sacrifice ten people to develop the vaccine.,"Do not sacrifice ten people, and do not develop the vaccine.",Sacrifice ten people to develop the vaccine.,"[6, 1, 4]","[4, 2, 7]","[7, 1, 7]",Do not approve the research,Do not approve the research,Do not approve the research,"[7, 1, 1]","[7, 1, 1]","[7, 1, 1]","[7, 1, 1]","[7, 1, 1]","[7, 1, 1]",Report Sam truthfully,Protect Sam by saying his work is improving,Protect Sam by saying his work is improving,Attempt to separate the twins,Attempt to separate the twins,Attempt to separate the twins,"[7, 1, 1]","[7, 1, 1]","[7, 1, 1]",Donate one dollar,Donate one dollar,Donate one dollar,"[3000, 4000, 3000]","[4000, 5000, 1000]","[5000, 5000, 0]",study-data/60ec03471451032a030cfec1.jsonl,1,,,,,,,,,,,,,,,,,,,,,,,,,,,,,,,,,,,,,,,,,,,,,,,,,,,,,,,,,,,,
,,,,,,,,,,,,,,,,,,,,,,,,,,,,,,,,,,,,study-data/559e6830fdf99b4f0b98514a.jsonl,6,,,,,,,,,,,,,2025-07-17 16:49:48.815730,2025-07-17 16:50:47.970777,2025-07-17 16:50:43.057293,2025-07-17 16:51:14.153083,2025-07-17 16:51:20.794345,2025-07-17 16:51:33.039681,2025-07-17 16:51:47.564215,2025-07-17 16:51:52.513529,2025-07-17 16:52:02.579705,2025-07-17 16:52:30.377323,2025-07-17 16:52:33.529495,2025-07-17 16:52:40.884122,2025-07-17 16:53:25.645610,2025-07-17 16:53:31.111023,2025-07-17 16:55:06.324705,2025-07-17 16:55:16.575337,2025-07-17 16:55:22.396324,2025-07-17 16:56:32.713062,2025-07-17 16:57:16.769631,2025-07-17 16:57:19.088164,2025-07-17 16:58:28.848450,2025-07-17 16:59:01.941324,2025-07-17 16:59:11.383470,2025-07-17 17:00:38.529460,2025-07-17 17:01:14.874159,2025-07-17 17:01:17.806349,2025-07-17 17:01:26.092448,2025-07-17 17:02:24.194657,2025-07-17 17:02:30.996304,2025-07-17 17:02:44.783304,2025-07-17 17:03:17.138155,2025-07-17 17:03:17.796753,2025-07-17 17:03:20.533095,2025-07-17 17:03:43.693163,2025-07-17 17:03:48.697337,2025-07-17 17:04:00.019581,,,,,,,,,,,,
,,,,,,,,,,,,,,,,,,,,,,,,,,,,,,,,,,,,study-data/559e6830fdf99b4f0b98514a.jsonl,6,,,,,,,,,,,,,Approve the research,Approve the research,Approve the research,"[1, 7, 1]","[1, 7, 1]","[1, 7, 1]","[7, 1, 1]","[7, 1, 1]","[7, 1, 1]",Protect Sam by saying his work is improving,Protect Sam by saying his work is improving,Protect Sam by saying his work is improving,Attempt to separate the twins,Attempt to separate the twins,Attempt to separate the twins,"[7, 1, 1]","[7, 1, 1]","[7, 1, 1]",Donate one dollar,Donate one dollar,Donate one dollar,"[5000, 5000, 0]","[5000, 5000, 0]","[5000, 5000, 0]",Tell the patient about their condition.,Tell the patient about their condition.,Tell the patient about their condition.,"[8000, 0, 2000]","[8000, 2000, 0]","[8000, 2000, 0]","Do not sacrifice ten people, and do not develop the vaccine.","Do not sacrifice ten people, and do not develop the vaccine.","Do not sacrifice ten people, and do not develop the vaccine.","[1, 7, 1]","[1, 7, 1]","[1, 7, 1]",,,,,,,,,,,,
,,,,,,,,,,,,,,,,,,,,,,,,,,,,,,,,,,,,study-data/667901b2c2574ecf30bf6d3b.jsonl,6,,,,,,,,,,,,,2025-07-17 16:38:44.208299,2025-07-17 16:39:00.386479,2025-07-17 16:40:04.756718,2025-07-17 16:40:35.577382,2025-07-17 16:40:46.241908,2025-07-17 16:41:00.025133,2025-07-17 16:41:16.499142,2025-07-17 16:41:21.284419,2025-07-17 16:41:25.265010,2025-07-17 16:41:47.128704,2025-07-17 16:41:50.767809,2025-07-17 16:41:57.732526,2025-07-17 16:42:51.715922,2025-07-17 16:43:03.463782,2025-07-17 16:43:06.232272,2025-07-17 16:43:18.431014,2025-07-17 16:43:25.148977,2025-07-17 16:44:17.760430,2025-07-17 16:44:23.694181,2025-07-17 16:44:25.093545,2025-07-17 16:44:41.916571,2025-07-17 16:45:18.476782,2025-07-17 16:45:25.392916,2025-07-17 16:45:52.075077,2025-07-17 16:46:20.692471,2025-07-17 16:46:23.298040,2025-07-17 16:46:29.123137,2025-07-17 16:46:46.616156,2025-07-17 16:46:50.947884,2025-07-17 16:46:55.757106,2025-07-17 16:47:12.739781,2025-07-17 16:47:15.762350,2025-07-17 16:47:19.259453,2025-07-17 16:47:40.538611,2025-07-17 16:47:44.894044,2025-07-17 16:47:48.866145,,,,,,,,,,,,
,,,,,,,,,,,,,,,,,,,,,,,,,,,,,,,,,,,,study-data/667901b2c2574ecf30bf6d3b.jsonl,6,,,,,,,,,,,,,Do not approve the research,Do not approve the research,Do not approve the research,"[5, 1, 2]","[6, 1, 2]","[6, 1, 2]","[7, 1, 2]","[7, 1, 2]","[7, 1, 2]",Protect Sam by saying his work is improving,Protect Sam by saying his work is improving,Protect Sam by saying his work is improving,Attempt to separate the twins,Attempt to separate the twins,Attempt to separate the twins,"[2, 1, 7]","[3, 1, 5]","[3, 1, 3]",Do not donate one dollar,Do not donate one dollar,Do not donate one dollar,"[5000, 4000, 2000]","[5000, 4000, 2000]","[5000, 4000, 2000]",Tell the patient about their condition.,Tell the patient about their condition.,Tell the patient about their condition.,"[5000, 0, 5000]","[5000, 0, 5000]","[5000, 0, 5000]","Do not sacrifice ten people, and do not develop the vaccine.","Do not sacrifice ten people, and do not develop the vaccine.","Do not sacrifice ten people, and do not develop the vaccine.","[1, 5, 2]","[1, 4, 2]","[1, 3, 2]",,,,,,,,,,,,
2025-07-17 13:09:55.332785,2025-07-17 13:10:12.158107,2025-07-17 13:12:32.218544,2025-07-17 13:14:26.118805,2025-07-17 13:15:10.598744,2025-07-17 13:17:02.559199,2025-07-17 13:17:36.072670,2025-07-17 13:17:43.679031,2025-07-17 13:18:55.800282,2025-07-17 13:19:30.184284,2025-07-17 13:19:48.447977,2025-07-17 13:21:20.562068,2025-07-17 13:27:54.698416,2025-07-17 13:28:00.795951,2025-07-17 13:28:18.930733,2025-07-17 13:28:58.033754,2025-07-17 13:29:13.392380,2025-07-17 13:29:44.656559,2025-07-17 13:30:09.277834,2025-07-17 13:30:18.439497,2025-07-17 13:30:41.860162,2025-07-17 13:31:00.192540,2025-07-17 13:31:09.414329,2025-07-17 13:31:26.196200,2025-07-17 13:22:28.551978,2025-07-17 13:22:46.777056,2025-07-17 13:23:09.866910,2025-07-17 13:23:26.807800,2025-07-17 13:23:39.382534,2025-07-17 13:24:04.446579,2025-07-17 13:24:16.683751,2025-07-17 13:24:30.215947,2025-07-17 13:24:53.042080,2025-07-17 13:26:11.571859,2025-07-17 13:26:30.711939,2025-07-17 13:27:04.600463,study-data/65f4ab7884f8411c9e11a34e.jsonl,1,,,,,,,,,,,,,,,,,,,,,,,,,,,,,,,,,,,,,,,,,,,,,,,,,,,,,,,,,,,,
Tell the patient about their condition.,Tell the patient about their condition.,Tell the patient about their condition.,"[5000, 2000, 3000]","[6000, 3000, 1000]","[6000, 3000, 1000]","Do not sacrifice ten people, and do not develop the vaccine.","Do not sacrifice ten people, and do not develop the vaccine.","Do not sacrifice ten people, and do not develop the vaccine.","[6, 2, 7]","[6, 2, 7]","[6, 2, 7]",Approve the research,Approve the research,Approve the research,"[1, 7, 6]","[1, 7, 6]","[1, 7, 6]","[5, 1, 2]","[5, 1, 2]","[5, 1, 2]",Report Sam truthfully,Protect Sam by saying his work is improving,Protect Sam by saying his work is improving,Do not attempt to separate the twins,Do not attempt to separate the twins,Do not attempt to separate the twins,"[7, 1, 1]","[7, 1, 1]","[7, 1, 1]",Do not donate one dollar,Do not donate one dollar,Do not donate one dollar,"[3000, 6000, 1000]","[3000, 5000, 2000]","[3000, 5000, 2000]",study-data/65f4ab7884f8411c9e11a34e.jsonl,1,,,,,,,,,,,,,,,,,,,,,,,,,,,,,,,,,,,,,,,,,,,,,,,,,,,,,,,,,,,,
,,,,,,,,,,,,,,,,,,,,,,,,2025-07-18 16:16:48.725821,2025-07-18 16:17:04.612459,2025-07-18 16:17:29.236851,2025-07-18 16:18:10.731000,2025-07-18 16:19:15.542953,2025-07-18 16:19:36.284912,2025-07-18 16:19:46.925853,2025-07-18 16:19:51.645803,2025-07-18 16:20:03.915220,2025-07-18 16:20:50.326959,2025-07-18 16:21:03.465223,2025-07-18 16:21:28.270414,study-data/6422f34be2b8257efb345837.jsonl,4,,,,,,,,,,,,,,,,,,,,,,,,,,,,,,,,,,,,,2025-07-18 16:22:07.670148,2025-07-18 16:22:16.140655,2025-07-18 16:23:04.372623,2025-07-18 16:23:20.504751,2025-07-18 16:23:37.751242,2025-07-18 16:24:15.612019,2025-07-18 16:24:28.661067,2025-07-18 16:24:35.092056,2025-07-18 16:24:43.715457,2025-07-18 16:25:13.595185,2025-07-18 16:25:29.978520,2025-07-18 16:25:43.302533,2025-07-18 16:26:16.447338,2025-07-18 16:26:20.804406,2025-07-18 16:26:36.734661,2025-07-18 16:26:51.573810,2025-07-18 16:27:03.352077,2025-07-18 16:27:16.726872,2025-07-18 16:27:33.443668,2025-07-18 16:27:41.613996,2025-07-18 16:28:40.086372,2025-07-18 16:28:47.234765,2025-07-18 16:28:53.984113,2025-07-18 16:29:07.265900
,,,,,,,,,,,,,,,,,,,,,,,,Attempt to separate the twins,Attempt to separate the twins,Attempt to separate the twins,"[5, 6, 6]","[5, 5, 5]","[6, 5, 6]",Donate one dollar,Donate one dollar,Donate one dollar,"[5000, 6000, 3000]","[5000, 4000, 1000]","[4000, 5000, 1000]",study-data/6422f34be2b8257efb345837.jsonl,4,,,,,,,,,,,,,,,,,,,,,,,,,,,,,,,,,,,,,Tell the patient about their condition.,Tell the patient about their condition.,Tell the patient about their condition.,"[4000, 5000, 1000]","[5000, 3000, 2000]","[4000, 5000, 1000]",Sacrifice ten people to develop the vaccine.,Sacrifice ten people to develop the vaccine.,Sacrifice ten people to develop the vaccine.,"[3, 2, 5]","[4, 2, 5]","[4, 2, 5]",Approve the research,Approve the research,Approve the research,"[2, 5, 6]","[3, 3, 4]","[3, 5, 6]","[6, 1, 1]","[7, 1, 1]","[7, 1, 1]",Report Sam truthfully,Protect Sam by saying his work is improving,Protect Sam by saying his work is improving
2025-07-17 10:30:04.836055,2025-07-17 10:30:09.538011,2025-07-17 10:31:13.743233,2025-07-17 10:32:48.440287,2025-07-17 10:33:11.830312,2025-07-17 10:34:01.765969,2025-07-17 10:34:20.120783,2025-07-17 10:34:25.208523,2025-07-17 10:34:41.644554,2025-07-17 10:36:01.010923,2025-07-17 10:36:09.795069,2025-07-17 10:36:39.107133,2025-07-17 10:20:07.447775,2025-07-17 10:20:21.841891,2025-07-17 10:20:43.524104,2025-07-17 10:23:38.995424,2025-07-17 10:26:07.196483,2025-07-17 10:26:21.948382,2025-07-17 10:26:51.584672,2025-07-17 10:27:11.900563,2025-07-17 10:27:37.720599,2025-07-17 10:29:04.390605,2025-07-17 10:29:09.085034,2025-07-17 10:29:12.341460,2025-07-17 10:38:43.584381,2025-07-17 10:38:51.773329,2025-07-17 10:39:05.977596,2025-07-17 10:39:25.331752,2025-07-17 10:39:36.132175,2025-07-17 10:39:54.339941,2025-07-17 10:40:09.465635,2025-07-17 10:40:13.050410,2025-07-17 10:40:16.427733,2025-07-17 10:40:36.125546,2025-07-17 10:40:49.730402,2025-07-17 10:41:05.375044,study-data/63474e67a5fd298c6103c409.jsonl,5,,,,,,,,,,,,,,,,,,,,,,,,,,,,,,,,,,,,,,,,,,,,,,,,,,,,,,,,,,,,
Tell the patient about their condition.,Tell the patient about their condition.,Tell the patient about their condition.,"[3000, 4000, 3000]","[4000, 4000, 2000]","[4000, 4000, 2000]","Do not sacrifice ten people, and do not develop the vaccine.","Do not sacrifice ten people, and do not develop the vaccine.","Do not sacrifice ten people, and do not develop the vaccine.","[1, 4, 6]","[1, 4, 6]","[1, 3, 6]",Do not approve the research,Do not approve the research,Approve the research,"[2, 7, 3]","[2, 6, 4]","[2, 6, 3]","[3, 2, 6]","[3, 2, 5]","[2, 2, 6]",Protect Sam by saying his work is improving,Protect Sam by saying his work is improving,Protect Sam by saying his work is improving,Attempt to separate the twins,Attempt to separate the twins,Attempt to separate the twins,"[3, 2, 6]","[3, 2, 5]","[2, 4, 6]",Do not donate one dollar,Donate one dollar,Donate one dollar,"[3000, 4000, 3000]","[4000, 5000, 1000]","[4000, 5000, 1000]",study-data/63474e67a5fd298c6103c409.jsonl,5,,,,,,,,,,,,,,,,,,,,,,,,,,,,,,,,,,,,,,,,,,,,,,,,,,,,,,,,,,,,
,,,,,,,,,,,,,,,,,,,,,,,,2025-07-18 13:10:47.955441,2025-07-18 13:10:53.981282,2025-07-18 13:11:35.414226,2025-07-18 13:11:54.039352,2025-07-18 13:12:05.422876,2025-07-18 13:12:16.698518,2025-07-18 13:12:23.655858,2025-07-18 13:12:26.291125,2025-07-18 13:12:33.140992,2025-07-18 13:13:09.913389,2025-07-18 13:13:26.958575,2025-07-18 13:13:40.491695,study-data/5cfc38f7ee119e001803dd01.jsonl,4,,,,,,,,,,,,,,,,,,,,,,,,,,,,,,,,,,,,,2025-07-18 13:14:12.533480,2025-07-18 13:14:15.866229,2025-07-18 13:14:25.789629,2025-07-18 13:14:44.306828,2025-07-18 13:15:01.713045,2025-07-18 13:15:13.135670,2025-07-18 13:15:21.842116,2025-07-18 13:15:27.996512,2025-07-18 13:15:33.964299,2025-07-18 13:15:53.048268,2025-07-18 13:15:59.374283,2025-07-18 13:16:06.291900,2025-07-18 13:16:30.876330,2025-07-18 13:16:33.874883,2025-07-18 13:18:04.715828,2025-07-18 13:18:21.071497,2025-07-18 13:18:25.572608,2025-07-18 13:19:15.758759,2025-07-18 13:19:26.392166,2025-07-18 13:19:30.262635,2025-07-18 13:19:34.548363,2025-07-18 13:19:52.317531,2025-07-18 13:19:55.481887,2025-07-18 13:20:33.411306
,,,,,,,,,,,,,,,,,,,,,,,,Attempt to separate the twins,Attempt to separate the twins,Attempt to separate the twins,"[1, 1, 7]","[1, 1, 7]","[1, 1, 7]",Donate one dollar,Donate one dollar,Donate one dollar,"[4000, 4000, 2000]","[4000, 5000, 1000]","[4000, 5000, 1000]",study-data/5cfc38f7ee119e001803dd01.jsonl,4,,,,,,,,,,,,,,,,,,,,,,,,,,,,,,,,,,,,,Tell the patient about their condition.,Tell the patient about their condition.,Tell the patient about their condition.,"[4000, 5000, 1000]","[5000, 4000, 1000]","[5000, 4000, 1000]",Sacrifice ten people to develop the vaccine.,Sacrifice ten people to develop the vaccine.,Sacrifice ten people to develop the vaccine.,"[1, 7, 1]","[1, 7, 1]","[1, 7, 1]",Approve the research,Approve the research,Approve the research,"[7, 1, 1]","[7, 1, 1]","[7, 1, 1]","[1, 7, 1]","[1, 7, 1]","[1, 7, 1]",Report Sam truthfully,Report Sam truthfully,Report Sam truthfully
2025-07-17 16:06:44.239889,2025-07-17 16:06:51.208020,2025-07-17 16:07:18.852597,2025-07-17 16:07:32.109956,2025-07-17 16:07:38.053095,2025-07-17 16:07:57.369602,2025-07-17 16:08:02.582129,2025-07-17 16:08:06.462288,2025-07-17 16:08:27.457393,2025-07-17 16:08:37.111968,2025-07-17 16:08:44.389346,2025-07-17 16:09:18.632182,2025-07-17 16:12:30.460336,2025-07-17 16:12:32.731934,2025-07-17 16:12:38.077524,2025-07-17 16:12:50.166187,2025-07-17 16:12:59.423731,2025-07-17 16:13:11.053864,2025-07-17 16:13:22.911756,2025-07-17 16:13:28.541755,2025-07-17 16:13:39.450773,2025-07-17 16:13:48.825109,2025-07-17 16:13:57.222208,2025-07-17 16:14:00.904788,2025-07-17 16:09:46.781204,2025-07-17 16:09:50.299983,2025-07-17 16:10:20.980408,2025-07-17 16:10:32.350882,2025-07-17 16:10:39.517881,2025-07-17 16:11:02.524414,2025-07-17 16:11:13.558498,2025-07-17 16:11:27.185026,2025-07-17 16:11:25.508529,2025-07-17 16:11:40.121264,2025-07-17 16:11:59.778824,2025-07-17 16:11:56.457862,study-data/5f1dfd940aeb060d8eb3cf55.jsonl,1,,,,,,,,,,,,,,,,,,,,,,,,,,,,,,,,,,,,,,,,,,,,,,,,,,,,,,,,,,,,
Do not tell the patient about their condition.,Tell the patient about their condition.,Tell the patient about their condition.,"[10000, 0, 0]","[10000, 0, 0]","[10000, 0, 0]",Sacrifice ten people to develop the vaccine.,Sacrifice ten people to develop the vaccine.,Sacrifice ten people to develop the vaccine.,"[1, 1, 1]","[1, 1, 1]","[1, 4, 1]",Approve the research,Approve the research,Approve the research,"[6, 4, 4]","[6, 4, 2]","[7, 4, 1]","[7, 1, 4]","[7, 1, 2]","[6, 1, 4]",Report Sam truthfully,Protect Sam by saying his work is improving,Protect Sam by saying his work is improving,Attempt to separate the twins,Attempt to separate the twins,Attempt to separate the twins,"[1, 1, 7]","[3, 1, 7]","[4, 1, 7]",Do not donate one dollar,Do not donate one dollar,Do not donate one dollar,"[5000, 5000, 0]","[5000, 5000, 0]","[5000, 5000, 5000]",study-data/5f1dfd940aeb060d8eb3cf55.jsonl,1,,,,,,,,,,,,,,,,,,,,,,,,,,,,,,,,,,,,,,,,,,,,,,,,,,,,,,,,,,,,
2025-07-18 16:53:22.226594,2025-07-18 16:53:27.136845,2025-07-18 16:53:31.917072,2025-07-18 16:54:09.748461,2025-07-18 16:55:00.719302,2025-07-18 16:59:15.383530,2025-07-18 16:59:50.100949,2025-07-18 16:59:55.597515,2025-07-18 17:02:39.803294,2025-07-18 17:02:52.626206,2025-07-18 17:03:04.839665,2025-07-18 17:04:58.210232,,,,,,,,,,,,,,,,,,,,,,,,,study-data/67e88a0303c1b7693d1a0c6f.jsonl,2,2025-07-18 16:35:58.988890,2025-07-18 16:36:13.789750,2025-07-18 16:37:20.662345,2025-07-18 16:38:10.216486,2025-07-18 16:38:33.858001,2025-07-18 16:38:51.842215,2025-07-18 16:39:25.373389,2025-07-18 16:40:21.318943,2025-07-18 16:41:30.630875,2025-07-18 16:43:22.680991,2025-07-18 16:43:57.639330,2025-07-18 16:44:21.045077,2025-07-18 16:45:52.936757,2025-07-18 16:45:59.422786,2025-07-18 16:47:12.411114,2025-07-18 16:47:59.326294,2025-07-18 16:48:21.245338,2025-07-18 16:48:46.950978,2025-07-18 16:49:31.294938,2025-07-18 16:50:36.932615,2025-07-18 16:50:57.568150,2025-07-18 16:52:04.276030,2025-07-18 16:52:09.882723,2025-07-18 16:52:20.156270,,,,,,,,,,,,,,,,,,,,,,,,,,,,,,,,,,,,
Tell the patient about their condition.,Tell the patient about their condition.,Tell the patient about their condition.,"[3000, 4000, 3000]","[3000, 4000, 3000]","[3000, 4000, 3000]","Do not sacrifice ten people, and do not develop the vaccine.","Do not sacrifice ten people, and do not develop the vaccine.","Do not sacrifice ten people, and do not develop the vaccine.","[4, 2, 3]","[4, 2, 3]","[4, 3, 3]",,,,,,,,,,,,,,,,,,,,,,,,,study-data/67e88a0303c1b7693d1a0c6f.jsonl,2,Attempt to separate the twins,Attempt to separate the twins,Attempt to separate the twins,"[7, 5, 4]","[5, 7, 7]","[5, 4, 6]",Do not donate one dollar,Donate one dollar,Donate one dollar,"[2000, 6000, 2000]","[3000, 3000, 2000]","[6000, 3000, 1000]",Approve the research,Approve the research,Approve the research,"[5, 2, 2]","[3, 4, 4]","[4, 3, 3]","[5, 3, 2]","[5, 2, 2]","[5, 2, 3]",Report Sam truthfully,Protect Sam by saying his work is improving,Protect Sam by saying his work is improving,,,,,,,,,,,,,,,,,,,,,,,,,,,,,,,,,,,,
2025-07-17 11:20:02.570507,2025-07-17 11:20:09.137405,2025-07-17 11:20:13.500886,2025-07-17 11:21:36.915775,2025-07-17 11:21:52.953251,2025-07-17 11:22:10.612672,2025-07-17 11:22:29.543503,2025-07-17 11:22:33.086479,2025-07-17 11:22:45.078032,2025-07-17 11:23:26.848815,2025-07-17 11:23:37.676970,2025-07-17 11:23:48.450997,,,,,,,,,,,,,,,,,,,,,,,,,study-data/667c7880d80864f94fd000bc.jsonl,2,2025-07-17 11:06:50.859136,2025-07-17 11:07:04.495250,2025-07-17 11:07:18.741771,2025-07-17 11:07:45.874123,2025-07-17 11:08:02.992093,2025-07-17 11:08:22.139006,2025-07-17 11:08:36.075335,2025-07-17 11:08:42.833715,2025-07-17 11:08:51.404452,2025-07-17 11:10:04.443978,2025-07-17 11:10:25.831450,2025-07-17 11:10:43.747407,2025-07-17 11:11:37.664691,2025-07-17 11:11:43.997508,2025-07-17 11:12:22.805280,2025-07-17 11:12:45.213314,2025-07-17 11:13:06.223448,2025-07-17 11:13:27.683884,2025-07-17 11:17:48.566413,2025-07-17 11:18:06.914836,2025-07-17 11:18:27.822989,2025-07-17 11:18:59.110894,2025-07-17 11:19:03.759335,2025-07-17 11:19:08.837377,,,,,,,,,,,,,,,,,,,,,,,,,,,,,,,,,,,,
Tell the patient about their condition.,Tell the patient about their condition.,Tell the patient about their condition.,"[5000, 3000, 2000]","[5000, 3000, 2000]","[5000, 3000, 2000]","Do not sacrifice ten people, and do not develop the vaccine.","Do not sacrifice ten people, and do not develop the vaccine.","Do not sacrifice ten people, and do not develop the vaccine.","[3, 2, 5]","[2, 1, 6]","[2, 1, 6]",,,,,,,,,,,,,,,,,,,,,,,,,study-data/667c7880d80864f94fd000bc.jsonl,2,Attempt to separate the twins,Attempt to separate the twins,Attempt to separate the twins,"[7, 1, 4]","[7, 1, 1]","[7, 1, 1]",Donate one dollar,Donate one dollar,Donate one dollar,"[4000, 6000, 0]","[4000, 6000, 0]","[4000, 6000, 0]",Approve the research,Approve the research,Approve the research,"[2, 6, 4]","[2, 6, 4]","[2, 6, 4]","[4, 1, 4]","[5, 1, 3]","[5, 1, 2]",Protect Sam by saying his work is improving,Protect Sam by saying his work is improving,Protect Sam by saying his work is improving,,,,,,,,,,,,,,,,,,,,,,,,,,,,,,,,,,,,
,,,,,,,,,,,,,,,,,,,,,,,,2025-07-17 15:54:05.903296,2025-07-17 15:54:19.854642,2025-07-17 15:54:46.707272,2025-07-17 15:55:07.604896,2025-07-17 15:55:15.497617,2025-07-17 15:55:23.062054,2025-07-17 15:55:36.847421,2025-07-17 15:55:43.223927,2025-07-17 15:55:49.247834,2025-07-17 15:56:30.887640,2025-07-17 15:57:27.970995,2025-07-17 15:57:53.932056,study-data/668ebf594982c57c983cd910.jsonl,4,,,,,,,,,,,,,,,,,,,,,,,,,,,,,,,,,,,,,2025-07-17 15:58:57.348082,2025-07-17 15:59:04.136500,2025-07-17 15:59:11.184243,2025-07-17 15:59:42.801091,2025-07-17 16:00:13.364981,2025-07-17 16:00:31.911859,2025-07-17 16:00:43.421205,2025-07-17 16:01:10.747975,2025-07-17 16:01:19.634305,2025-07-17 16:01:38.848213,2025-07-17 16:01:57.452359,2025-07-17 16:02:05.459675,2025-07-17 16:02:40.070644,2025-07-17 16:02:43.703170,2025-07-17 16:02:47.479486,2025-07-17 16:03:21.119382,2025-07-17 16:03:31.919653,2025-07-17 16:03:37.940265,2025-07-17 16:03:51.562406,2025-07-17 16:03:57.005986,2025-07-17 16:04:02.092417,2025-07-17 16:04:21.457301,2025-07-17 16:04:26.191710,2025-07-17 16:04:29.497618
,,,,,,,,,,,,,,,,,,,,,,,,Attempt to separate the twins,Attempt to separate the twins,Attempt to separate the twins,"[7, 1, 1]","[7, 1, 1]","[7, 1, 1]",Do not donate one dollar,Do not donate one dollar,Do not donate one dollar,"[3000, 3000, 3000]","[4000, 5000, 1000]","[4000, 5000, 1000]",study-data/668ebf594982c57c983cd910.jsonl,4,,,,,,,,,,,,,,,,,,,,,,,,,,,,,,,,,,,,,Do not tell the patient about their condition.,Tell the patient about their condition.,Tell the patient about their condition.,"[7000, 3000, 0]","[6000, 3000, 1000]","[6000, 3000, 1000]",Sacrifice ten people to develop the vaccine.,Sacrifice ten people to develop the vaccine.,Sacrifice ten people to develop the vaccine.,"[1, 7, 1]","[1, 1, 1]","[1, 1, 1]",Approve the research,Approve the research,Approve the research,"[4, 6, 1]","[7, 1, 1]","[7, 1, 1]","[7, 1, 1]","[7, 1, 1]","[7, 1, 1]",Protect Sam by saying his work is improving,Protect Sam by saying his work is improving,Protect Sam by saying his work is improving
,,,,,,,,,,,,,,,,,,,,,,,,,,,,,,,,,,,,study-data/673df2513506e2ad05c656e2.jsonl,6,,,,,,,,,,,,,2025-07-17 17:06:06.412415,2025-07-17 17:06:19.809962,2025-07-17 17:06:47.387298,2025-07-17 17:07:05.345556,2025-07-17 17:07:15.292691,2025-07-17 17:07:29.873703,2025-07-17 17:07:47.693876,2025-07-17 17:07:55.793998,2025-07-17 17:08:08.131936,2025-07-17 17:08:23.458146,2025-07-17 17:08:30.205637,2025-07-17 17:08:48.090476,2025-07-17 17:09:36.614197,2025-07-17 17:09:41.166061,2025-07-17 17:10:54.015979,2025-07-17 17:11:15.262616,2025-07-17 17:11:25.203519,2025-07-17 17:12:34.983445,2025-07-17 17:12:42.643978,2025-07-17 17:12:46.414479,2025-07-17 17:13:39.815773,2025-07-17 17:14:16.215996,2025-07-17 17:14:35.528206,2025-07-17 17:15:31.419270,2025-07-17 17:16:03.372783,2025-07-17 17:16:06.996800,2025-07-17 17:16:13.657565,2025-07-17 17:16:43.374366,2025-07-17 17:16:58.334373,2025-07-17 17:17:08.573237,2025-07-17 17:17:25.777184,2025-07-17 17:17:32.190763,2025-07-17 17:17:36.274050,2025-07-17 17:17:52.110746,2025-07-17 17:18:05.082166,2025-07-17 17:18:17.184927,,,,,,,,,,,,
,,,,,,,,,,,,,,,,,,,,,,,,,,,,,,,,,,,,study-data/673df2513506e2ad05c656e2.jsonl,6,,,,,,,,,,,,,Do not approve the research,Do not approve the research,Do not approve the research,"[6, 4, 2]","[5, 4, 2]","[5, 4, 2]","[4, 2, 2]","[3, 2, 2]","[3, 2, 2]",Protect Sam by saying his work is improving,Protect Sam by saying his work is improving,Protect Sam by saying his work is improving,Attempt to separate the twins,Attempt to separate the twins,Attempt to separate the twins,"[4, 1, 4]","[4, 1, 3]","[5, 1, 3]",Do not donate one dollar,Do not donate one dollar,Do not donate one dollar,"[3000, 5000, 2000]","[4000, 5000, 1000]","[4000, 5000, 1000]",Tell the patient about their condition.,Tell the patient about their condition.,Tell the patient about their condition.,"[7000, 3000, 0]","[7000, 3000, 0]","[7000, 3000, 0]",Sacrifice ten people to develop the vaccine.,"Do not sacrifice ten people, and do not develop the vaccine.","Do not sacrifice ten people, and do not develop the vaccine.","[1, 6, 2]","[1, 6, 2]","[1, 6, 2]",,,,,,,,,,,,
,,,,,,,,,,,,,,,,,,,,,,,,2025-07-17 12:35:37.484218,2025-07-17 12:35:53.439629,2025-07-17 12:36:33.800612,2025-07-17 12:36:54.106836,2025-07-17 12:37:10.288085,2025-07-17 12:37:30.098015,2025-07-17 12:37:45.924461,2025-07-17 12:37:51.485937,2025-07-17 12:38:10.851599,2025-07-17 12:38:51.637580,2025-07-17 12:39:04.790356,2025-07-17 12:39:26.187249,study-data/67e0a8458369d92d9789b0b4.jsonl,4,,,,,,,,,,,,,,,,,,,,,,,,,,,,,,,,,,,,,2025-07-17 12:40:13.016610,2025-07-17 12:40:23.667615,2025-07-17 12:40:34.325300,2025-07-17 12:40:58.170675,2025-07-17 12:41:15.788025,2025-07-17 12:41:26.565018,2025-07-17 12:41:44.104349,2025-07-17 12:41:51.697516,2025-07-17 12:41:58.682262,2025-07-17 12:42:25.327139,2025-07-17 12:42:35.845131,2025-07-17 12:42:46.442705,2025-07-17 12:43:30.180434,2025-07-17 12:43:36.039508,2025-07-17 12:44:25.326235,2025-07-17 12:44:45.398856,2025-07-17 12:44:53.489875,2025-07-17 12:45:45.692543,2025-07-17 12:46:08.754976,2025-07-17 12:46:14.369108,2025-07-17 12:46:43.615314,2025-07-17 12:47:07.934956,2025-07-17 12:47:13.171077,2025-07-17 12:48:00.866187
,,,,,,,,,,,,,,,,,,,,,,,,Attempt to separate the twins,Attempt to separate the twins,Attempt to separate the twins,"[7, 1, 1]","[7, 1, 1]","[7, 1, 1]",Do not donate one dollar,Do not donate one dollar,Do not donate one dollar,"[3000, 6000, 1000]","[4000, 5000, 1000]","[4000, 5000, 1000]",study-data/67e0a8458369d92d9789b0b4.jsonl,4,,,,,,,,,,,,,,,,,,,,,,,,,,,,,,,,,,,,,Tell the patient about their condition.,Tell the patient about their condition.,Tell the patient about their condition.,"[7000, 2000, 1000]","[7000, 2000, 1000]","[7000, 2000, 1000]","Do not sacrifice ten people, and do not develop the vaccine.","Do not sacrifice ten people, and do not develop the vaccine.","Do not sacrifice ten people, and do not develop the vaccine.","[1, 1, 7]","[1, 1, 7]","[1, 1, 7]",Do not approve the research,Do not approve the research,Do not approve the research,"[1, 7, 1]","[1, 7, 1]","[1, 7, 1]","[1, 1, 7]","[1, 1, 7]","[1, 1, 7]",Report Sam truthfully,Report Sam truthfully,Report Sam truthfully
2025-07-17 12:54:38.536383,2025-07-17 12:54:46.529188,2025-07-17 12:56:35.735141,2025-07-17 12:59:35.735305,2025-07-17 12:57:24.556328,2025-07-17 12:59:40.071109,2025-07-17 12:59:51.283120,2025-07-17 13:00:00.644770,2025-07-17 13:01:20.023511,2025-07-17 13:01:42.858722,2025-07-17 13:01:51.547168,2025-07-17 13:03:23.804091,2025-07-17 12:50:50.183265,2025-07-17 12:51:05.908380,2025-07-17 12:51:23.918419,2025-07-17 12:51:52.245004,2025-07-17 12:52:10.880061,2025-07-17 12:52:26.152727,2025-07-17 12:52:44.083421,2025-07-17 12:52:58.771891,2025-07-17 12:53:14.445525,2025-07-17 12:53:32.645223,2025-07-17 12:53:44.093812,2025-07-17 12:53:51.594913,2025-07-17 13:04:08.675113,2025-07-17 13:04:13.768466,2025-07-17 13:04:35.440003,2025-07-17 13:04:47.400894,2025-07-17 13:04:55.941366,2025-07-17 13:05:12.987194,2025-07-17 13:05:22.475527,2025-07-17 13:05:27.206184,2025-07-17 13:05:45.543313,2025-07-17 13:06:09.178505,2025-07-17 13:06:21.087450,2025-07-17 13:06:45.669560,study-data/67104c7deff954cb22438402.jsonl,5,,,,,,,,,,,,,,,,,,,,,,,,,,,,,,,,,,,,,,,,,,,,,,,,,,,,,,,,,,,,
Tell the patient about their condition.,Tell the patient about their condition.,Tell the patient about their condition.,"[8000, 2000, 0]","[8000, 0, 2000]","[8000, 2000, 0]",Sacrifice ten people to develop the vaccine.,Sacrifice ten people to develop the vaccine.,Sacrifice ten people to develop the vaccine.,"[4, 1, 7]","[4, 1, 7]","[4, 1, 7]",Approve the research,Approve the research,Approve the research,"[7, 1, 1]","[7, 1, 1]","[7, 1, 1]","[7, 1, 1]","[7, 1, 1]","[7, 1, 1]",Protect Sam by saying his work is improving,Protect Sam by saying his work is improving,Protect Sam by saying his work is improving,Attempt to separate the twins,Attempt to separate the twins,Attempt to separate the twins,"[7, 1, 1]","[7, 1, 1]","[7, 1, 1]",Donate one dollar,Donate one dollar,Donate one dollar,"[5000, 5000, 0]","[5000, 5000, 0]","[5000, 5000, 0]",study-data/67104c7deff954cb22438402.jsonl,5,,,,,,,,,,,,,,,,,,,,,,,,,,,,,,,,,,,,,,,,,,,,,,,,,,,,,,,,,,,,
